{"MSE_affi": 87213.03689280129, "MSE_beignet": 84972.33518956735, "MSE_affi_private": 64869.62227183211, "MSE_beignet_private_1": 60264.14977202932, "MSE_beignet_private_2": 79085.48677694636, "total_MSR": 75280.92618063529}